{
  "properties": {
    "connectionReferences": {
      "shared_azuread": {
        "runtimeSource": "invoker",
        "connection": {
          "connectionReferenceLogicalName": "contoso_sharedazuread_37f04"
        },
        "api": {
          "name": "shared_azuread"
        }
      },
      "shared_sharepointonline": {
        "runtimeSource": "invoker",
        "connection": {
          "connectionReferenceLogicalName": "contoso_sharedsharepointonline_4c3f3"
        },
        "api": {
          "name": "shared_sharepointonline"
        }
      }
    },
    "definition": {
      "$schema": "https://schema.management.azure.com/providers/Microsoft.Logic/schemas/2016-06-01/workflowdefinition.json#",
      "contentVersion": "1.0.0.0",
      "parameters": {
        "$authentication": {
          "defaultValue": {},
          "type": "SecureObject"
        },
        "$connections": {
          "defaultValue": {},
          "type": "Object"
        }
      },
      "triggers": {
        "manual": {
          "type": "Request",
          "kind": "PowerAppV2",
          "inputs": {
            "schema": {
              "type": "object",
              "properties": {
                "text": {
                  "description": "Please enter your input",
                  "title": "User",
                  "type": "string",
                  "x-ms-content-hint": "TEXT",
                  "x-ms-dynamically-added": true
                }
              },
              "required": [
                "text"
              ]
            }
          }
        }
      },
      "actions": {
        "Check_group_membership_(V2)": {
          "runAfter": {
            "For_each": [
              "Succeeded"
            ]
          },
          "type": "OpenApiConnection",
          "inputs": {
            "parameters": {
              "id": "@triggerBody()?['text']",
              "body/groupIds": "@variables('Groups')"
            },
            "host": {
              "apiId": "/providers/Microsoft.PowerApps/apis/shared_azuread",
              "connectionName": "shared_azuread",
              "operationId": "CheckMemberGroupsV2"
            },
            "authentication": {
              "value": "@json(decodeBase64(triggerOutputs().headers['X-MS-APIM-Tokens']))['$ConnectionKey']",
              "type": "Raw"
            }
          }
        },
        "Get_items": {
          "runAfter": {
            "Initialize_variable": [
              "Succeeded"
            ]
          },
          "type": "OpenApiConnection",
          "inputs": {
            "parameters": {
              "dataset": "https://onemtc.sharepoint.com/sites/ProductServicesMinneapolis",
              "table": "50892cf0-a884-4c2d-9bda-1b4178809ebc"
            },
            "host": {
              "apiId": "/providers/Microsoft.PowerApps/apis/shared_sharepointonline",
              "connectionName": "shared_sharepointonline",
              "operationId": "GetItems"
            },
            "authentication": {
              "value": "@json(decodeBase64(triggerOutputs().headers['X-MS-APIM-Tokens']))['$ConnectionKey']",
              "type": "Raw"
            }
          }
        },
        "Initialize_variable": {
          "runAfter": {},
          "type": "InitializeVariable",
          "inputs": {
            "variables": [
              {
                "name": "Groups",
                "type": "array"
              }
            ]
          }
        },
        "For_each": {
          "foreach": "@outputs('Get_items')?['body/value']",
          "actions": {
            "Append_to_array_variable": {
              "type": "AppendToArrayVariable",
              "inputs": {
                "name": "Groups",
                "value": "@items('For_each')?['GroupId']"
              }
            }
          },
          "runAfter": {
            "Get_items": [
              "Succeeded"
            ]
          },
          "type": "Foreach"
        },
        "Respond_to_a_Power_App_or_flow": {
          "runAfter": {
            "Check_group_membership_(V2)": [
              "Succeeded"
            ]
          },
          "type": "Response",
          "kind": "PowerApp",
          "inputs": {
            "schema": {
              "type": "object",
              "properties": {
                "groupmemberships": {
                  "title": "GroupMemberships",
                  "type": "string",
                  "x-ms-content-hint": "TEXT",
                  "x-ms-dynamically-added": true
                }
              },
              "additionalProperties": {}
            },
            "statusCode": 200,
            "body": {
              "groupmemberships": "@{outputs('Check_group_membership_(V2)')?['body/value']}"
            }
          }
        }
      },
      "outputs": {}
    },
    "templateName": null
  },
  "schemaVersion": "1.0.0.0"
}