<ImportExportXml xmlns:xsi="http://www.w3.org/2001/XMLSchema-instance" OrganizationVersion="9.2.24092.202" OrganizationSchemaType="Standard" CRMServerServiceabilityVersion="9.2.24092.00202">
  <Entities></Entities>
  <Roles></Roles>
  <Workflows>
    <Workflow WorkflowId="{0a793741-168b-ef11-ac21-000d3a5914cc}" Name="Add User to Audience Targeting Group">
      <JsonFileName>/Workflows/AddUsertoAudienceTargetingGroup-0A793741-168B-EF11-AC21-000D3A5914CC.json</JsonFileName>
      <Type>1</Type>
      <Subprocess>0</Subprocess>
      <Category>5</Category>
      <Mode>0</Mode>
      <Scope>4</Scope>
      <OnDemand>0</OnDemand>
      <TriggerOnCreate>0</TriggerOnCreate>
      <TriggerOnDelete>0</TriggerOnDelete>
      <AsyncAutodelete>0</AsyncAutodelete>
      <SyncWorkflowLogOnFailure>0</SyncWorkflowLogOnFailure>
      <StateCode>1</StateCode>
      <StatusCode>2</StatusCode>
      <RunAs>1</RunAs>
      <IsTransacted>1</IsTransacted>
      <IntroducedVersion>1.0.0.0</IntroducedVersion>
      <IsCustomizable>1</IsCustomizable>
      <BusinessProcessType>0</BusinessProcessType>
      <IsCustomProcessingStepAllowedForOtherPublishers>1</IsCustomProcessingStepAllowedForOtherPublishers>
      <PrimaryEntity>none</PrimaryEntity>
      <LocalizedNames>
        <LocalizedName languagecode="1033" description="Add User to Audience Targeting Group" />
      </LocalizedNames>
    </Workflow>
    <Workflow WorkflowId="{0b793741-168b-ef11-ac21-000d3a5914cc}" Name="Remove user from audience targeting group">
      <JsonFileName>/Workflows/Removeuserfromaudiencetargetinggroup-0B793741-168B-EF11-AC21-000D3A5914CC.json</JsonFileName>
      <Type>1</Type>
      <Subprocess>0</Subprocess>
      <Category>5</Category>
      <Mode>0</Mode>
      <Scope>4</Scope>
      <OnDemand>0</OnDemand>
      <TriggerOnCreate>0</TriggerOnCreate>
      <TriggerOnDelete>0</TriggerOnDelete>
      <AsyncAutodelete>0</AsyncAutodelete>
      <SyncWorkflowLogOnFailure>0</SyncWorkflowLogOnFailure>
      <StateCode>1</StateCode>
      <StatusCode>2</StatusCode>
      <RunAs>1</RunAs>
      <IsTransacted>1</IsTransacted>
      <IntroducedVersion>1.0.0.0</IntroducedVersion>
      <IsCustomizable>1</IsCustomizable>
      <BusinessProcessType>0</BusinessProcessType>
      <IsCustomProcessingStepAllowedForOtherPublishers>1</IsCustomProcessingStepAllowedForOtherPublishers>
      <PrimaryEntity>none</PrimaryEntity>
      <LocalizedNames>
        <LocalizedName languagecode="1033" description="Remove user from audience targeting group" />
      </LocalizedNames>
    </Workflow>
    <Workflow WorkflowId="{0c793741-168b-ef11-ac21-000d3a5914cc}" Name="Check audience targeting group membership">
      <JsonFileName>/Workflows/Checkaudiencetargetinggroupmembership-0C793741-168B-EF11-AC21-000D3A5914CC.json</JsonFileName>
      <Type>1</Type>
      <Subprocess>0</Subprocess>
      <Category>5</Category>
      <Mode>0</Mode>
      <Scope>4</Scope>
      <OnDemand>0</OnDemand>
      <TriggerOnCreate>0</TriggerOnCreate>
      <TriggerOnDelete>0</TriggerOnDelete>
      <AsyncAutodelete>0</AsyncAutodelete>
      <SyncWorkflowLogOnFailure>0</SyncWorkflowLogOnFailure>
      <StateCode>1</StateCode>
      <StatusCode>2</StatusCode>
      <RunAs>1</RunAs>
      <IsTransacted>1</IsTransacted>
      <IntroducedVersion>1.0.0.0</IntroducedVersion>
      <IsCustomizable>1</IsCustomizable>
      <BusinessProcessType>0</BusinessProcessType>
      <IsCustomProcessingStepAllowedForOtherPublishers>1</IsCustomProcessingStepAllowedForOtherPublishers>
      <PrimaryEntity>none</PrimaryEntity>
      <LocalizedNames>
        <LocalizedName languagecode="1033" description="Check audience targeting group membership" />
      </LocalizedNames>
    </Workflow>
  </Workflows>
  <FieldSecurityProfiles></FieldSecurityProfiles>
  <Templates />
  <EntityMaps />
  <EntityRelationships />
  <OrganizationSettings />
  <optionsets />
  <CustomControls />
  <EntityDataProviders />
  <CanvasApps>
    <CanvasApp>
      <Name>contoso_audiencetargetinggroups_293ff</Name>
      <AppVersion>2024-10-15T16:03:23Z</AppVersion>
      <Status>Ready</Status>
      <CreatedByClientVersion>3.24095.15.0</CreatedByClientVersion>
      <MinClientVersion>3.24095.15.0</MinClientVersion>
      <Tags>{"primaryDeviceWidth":"640","primaryDeviceHeight":"1136","supportsPortrait":"true","supportsLandscape":"true","primaryFormFactor":"Phone","showStatusBar":"false","publisherVersion":"3.24095.15","minimumRequiredApiVersion":"2.2.0","hasComponent":"false","hasUnlockedComponent":"false","isUnifiedRootApp":"false","sienaVersion":"20241015T160323Z-3.24095.15.0"}</Tags>
      <IsCdsUpgraded>0</IsCdsUpgraded>
      <GalleryItemId xsi:nil="true"></GalleryItemId>
      <BackgroundColor>RGBA(0,176,240,1)</BackgroundColor>
      <DisplayName>Audience Targeting Groups</DisplayName>
      <Description xsi:nil="true"></Description>
      <CommitMessage xsi:nil="true"></CommitMessage>
      <Publisher xsi:nil="true"></Publisher>
      <AuthorizationReferences>[]</AuthorizationReferences>
      <ConnectionReferences>{"41ed7679-c21e-49ac-ba2c-3b06cc571b16":{"id":"/providers/microsoft.powerapps/apis/shared_sharepointonline","displayName":"SharePoint","iconUri":"https://connectoricons-prod.azureedge.net/u/jayawan/releases/v1.0.1697/1.0.1697.3786/sharepointonline/icon.png","dataSources":["Audience Targeting Groups"],"dependencies":[],"dependents":["55450cd1-a433-4909-b3cb-5db4ede02915"],"parameterHints":{},"parameterHintsV2":{},"isOnPremiseConnection":false,"bypassConsent":false,"dataSets":{"https://onemtc.sharepoint.com/sites/ProductServicesMinneapolis":{"dataSources":{"Audience Targeting Groups":{"tableName":"50892cf0-a884-4c2d-9bda-1b4178809ebc"}}}},"apiTier":"Standard","actions":["providers/PowerPlatform.Governance/Operations/Read","providers/PowerPlatform.Governance/Operations/Write","providers/PowerPlatform.Governance/Operations/Delete"]},"107c04e2-9195-46f4-9409-fc9bd8384bf8":{"id":"/providers/microsoft.powerapps/apis/shared_logicflows","displayName":"Logic flows","iconUri":"https://connectoricons-prod.azureedge.net/releases/v1.0.1697/1.0.1697.3784/logicflows/icon.png","dataSources":["AddUsertoAudienceTargetingGroup"],"dependencies":["d6fd818b-b7cc-403a-b520-bf9aa56f5215"],"dependents":[],"parameterHints":{"workflowName":{"value":"b8881bea-b562-4a4d-8a9a-3ee4a559cad1"},"workflowEntityId":{},"workflowDisplayName":{"value":"Add User to Audience Targeting Group"},"d6fd818b-b7cc-403a-b520-bf9aa56f5215":{"value":"shared_azuread"}},"parameterHintsV2":{"workflowName":{"value":"b8881bea-b562-4a4d-8a9a-3ee4a559cad1"},"workflowEntityId":{},"workflowDisplayName":{"value":"Add User to Audience Targeting Group"},"shared_azuread":{"value":"d6fd818b-b7cc-403a-b520-bf9aa56f5215"}},"isOnPremiseConnection":false,"bypassConsent":false,"dataSets":{},"apiTier":"Standard","actions":["Run"]},"d6fd818b-b7cc-403a-b520-bf9aa56f5215":{"id":"/providers/microsoft.powerapps/apis/shared_azuread","displayName":"Microsoft Entra ID","iconUri":"https://connectoricons-prod.azureedge.net/releases/v1.0.1677/1.0.1677.3631/azuread/icon.png","dataSources":[],"dependencies":[],"dependents":["107c04e2-9195-46f4-9409-fc9bd8384bf8","ff7d79a1-8302-4817-8be6-2e3efd3e8d14","55450cd1-a433-4909-b3cb-5db4ede02915"],"parameterHints":{},"parameterHintsV2":{},"isOnPremiseConnection":false,"bypassConsent":false,"dataSets":{},"apiTier":"Standard"},"ff7d79a1-8302-4817-8be6-2e3efd3e8d14":{"id":"/providers/microsoft.powerapps/apis/shared_logicflows","displayName":"Logic flows","iconUri":"https://connectoricons-prod.azureedge.net/releases/v1.0.1697/1.0.1697.3784/logicflows/icon.png","dataSources":["Removeuserfromaudiencetargetinggroup"],"dependencies":["d6fd818b-b7cc-403a-b520-bf9aa56f5215"],"dependents":[],"parameterHints":{"workflowName":{"value":"b3c3433e-3cf8-4b89-9256-1f95eb7e7ad6"},"workflowEntityId":{},"workflowDisplayName":{"value":"Remove user from audience targeting group"},"d6fd818b-b7cc-403a-b520-bf9aa56f5215":{"value":"shared_azuread"}},"parameterHintsV2":{"workflowName":{"value":"b3c3433e-3cf8-4b89-9256-1f95eb7e7ad6"},"workflowEntityId":{},"workflowDisplayName":{"value":"Remove user from audience targeting group"},"shared_azuread":{"value":"d6fd818b-b7cc-403a-b520-bf9aa56f5215"}},"isOnPremiseConnection":false,"bypassConsent":false,"dataSets":{},"apiTier":"Standard","actions":["Run"]},"55450cd1-a433-4909-b3cb-5db4ede02915":{"id":"/providers/microsoft.powerapps/apis/shared_logicflows","displayName":"Logic flows","iconUri":"https://connectoricons-prod.azureedge.net/releases/v1.0.1697/1.0.1697.3784/logicflows/icon.png","dataSources":["Checkaudiencetargetinggroupmembership"],"dependencies":["d6fd818b-b7cc-403a-b520-bf9aa56f5215","41ed7679-c21e-49ac-ba2c-3b06cc571b16"],"dependents":[],"parameterHints":{"workflowName":{"value":"9e4b92f6-3b97-4535-8e9a-1ff3e9c4c4ec"},"workflowEntityId":{},"workflowDisplayName":{"value":"Check audience targeting group membership"},"d6fd818b-b7cc-403a-b520-bf9aa56f5215":{"value":"shared_azuread"},"41ed7679-c21e-49ac-ba2c-3b06cc571b16":{"value":"shared_sharepointonline"}},"parameterHintsV2":{"workflowName":{"value":"9e4b92f6-3b97-4535-8e9a-1ff3e9c4c4ec"},"workflowEntityId":{},"workflowDisplayName":{"value":"Check audience targeting group membership"},"shared_azuread":{"value":"d6fd818b-b7cc-403a-b520-bf9aa56f5215"},"shared_sharepointonline":{"value":"41ed7679-c21e-49ac-ba2c-3b06cc571b16"}},"isOnPremiseConnection":false,"bypassConsent":false,"dataSets":{},"apiTier":"Standard","actions":["Run"]}}</ConnectionReferences>
      <DatabaseReferences>{}</DatabaseReferences>
      <AppComponents>[]</AppComponents>
      <AppComponentDependencies>[]</AppComponentDependencies>
      <CanConsumeAppPass>0</CanConsumeAppPass>
      <CanvasAppType>0</CanvasAppType>
      <BypassConsent>0</BypassConsent>
      <AdminControlBypassConsent>0</AdminControlBypassConsent>
      <EmbeddedApp xsi:nil="true"></EmbeddedApp>
      <IntroducedVersion>1.0</IntroducedVersion>
      <CdsDependencies>{"cdsdependencies":[]}</CdsDependencies>
      <IsCustomizable>1</IsCustomizable>
      <BackgroundImageUri>/CanvasApps/contoso_audiencetargetinggroups_293ff_BackgroundImageUri</BackgroundImageUri>
      <DocumentUri>/CanvasApps/contoso_audiencetargetinggroups_293ff_DocumentUri.msapp</DocumentUri>
      <AdditionalUris>
        <AdditionalUri>/CanvasApps/contoso_audiencetargetinggroups_293ff_AdditionalUris0_identity.json</AdditionalUri>
      </AdditionalUris>
    </CanvasApp>
  </CanvasApps>
  <connectionreferences>
    <connectionreference connectionreferencelogicalname="contoso_sharedazuread_37f04">
      <connectionreferencedisplayname>Microsoft Entra ID AudienceTargetingGroups-37f04</connectionreferencedisplayname>
      <connectorid>/providers/Microsoft.PowerApps/apis/shared_azuread</connectorid>
      <iscustomizable>1</iscustomizable>
      <statecode>0</statecode>
      <statuscode>1</statuscode>
    </connectionreference>
    <connectionreference connectionreferencelogicalname="contoso_sharedsharepointonline_4c3f3">
      <connectionreferencedisplayname>SharePoint AudienceTargetingGroups-4c3f3</connectionreferencedisplayname>
      <connectorid>/providers/Microsoft.PowerApps/apis/shared_sharepointonline</connectorid>
      <iscustomizable>1</iscustomizable>
      <statecode>0</statecode>
      <statuscode>1</statuscode>
    </connectionreference>
  </connectionreferences>
  <Languages>
    <Language>1033</Language>
  </Languages>
</ImportExportXml>